{"cameraMode":{"drawMode":0,"name":"Shaded","section":"Shading Mode"},"sceneLighting":true,"audioPlay":false,"sceneViewState":{"showFog":true,"showMaterialUpdate":false,"showSkybox":true,"showFlares":true,"showImageEffects":true,"showParticleSystems":true},"in2DMode":false,"pivot":{"x":-101.38046264648438,"y":-353.306640625,"z":-456.434814453125},"rotation":{"x":0.07886111736297608,"y":-0.9195147752761841,"z":0.30140990018844607,"w":0.23992320895195008},"size":787.53857421875,"orthographic":false}